SIRKET;kanal;YANGIN;SIVIL;TICARI;SIANI;ZORUNLU_DEPREM;IHTIYARI_DEPREM;SEL;depremveseldisindakidogal;nukleerenerji;toprakkaymasi;patlama;toplam
Ac?badem Sa?l?k ve Hayat Sigorta A?;Acente;0;0;0;0;0;0;0;0;0;0;0;85951279.7
Ac?badem Sa?l?k ve Hayat Sigorta A?;Banka;0;0;0;0;0;0;0;0;0;0;0;952869.452
Ac?badem Sa?l?k ve Hayat Sigorta A?;Broker;0;0;0;0;0;0;0;0;0;0;0;235495264.6
Ac?badem Sa?l?k ve Hayat Sigorta A?;Di?er;0;0;0;0;0;0;0;0;0;0;0;0
Ac?badem Sa?l?k ve Hayat Sigorta A?;Merkez;0;0;0;0;0;0;0;0;0;0;0;202564399.2
Ac?badem Sa?l?k ve Hayat Sigorta A?;Toplam;0;0;0;0;0;0;0;0;0;0;0;524963813
Aegon Emeklilik ve Hayat A?;Acente;0;0;0;0;0;0;0;0;0;0;0;33594.17
Aegon Emeklilik ve Hayat A?;Banka;0;0;0;0;0;0;0;0;0;0;0;775224.16
Aegon Emeklilik ve Hayat A?;Broker;0;0;0;0;0;0;0;0;0;0;0;19053212.39
Aegon Emeklilik ve Hayat A?;Di?er;0;0;0;0;0;0;0;0;0;0;0;10338.65
Aegon Emeklilik ve Hayat A?;Merkez;0;0;0;0;0;0;0;0;0;0;0;19982443.05
Aegon Emeklilik ve Hayat A?;Toplam;0;0;0;0;0;0;0;0;0;0;0;39854812.42
Aksigorta A?;Acente;21476511.78;2589039.99;10160047.75;8727424.04;7730488.3;0;0;0;0;0;0;187542629.9
Aksigorta A?;Banka;7319732.15;3728673;2840402.12;750657.03;2323480.28;0;0;0;0;0;0;39050903.28
Aksigorta A?;Broker;12136816.87;433815.98;8241636.39;3461364.5;292760.8;0;0;0;0;0;0;72967113.5
Aksigorta A?;Di?er;0;0;0;0;0;0;0;0;0;0;0;0
Aksigorta A?;Merkez;68831927.61;54937.85;12822558.64;55954431.12;31333.67;0;0;0;0;0;0;141525622.2
Aksigorta A?;Toplam;109764988.4;6806466.82;34064644.9;68893876.69;10378063.05;0;0;0;0;0;0;441086268.8
Allianz Hayat ve Emeklilik A?;Acente;0;0;0;0;0;0;0;0;0;0;0;4640529.01
Allianz Hayat ve Emeklilik A?;Banka;0;0;0;0;0;0;0;0;0;0;0;2106653.94
Allianz Hayat ve Emeklilik A?;Broker;0;0;0;0;0;0;0;0;0;0;0;213051.74
Allianz Hayat ve Emeklilik A?;Di?er;0;0;0;0;0;0;0;0;0;0;0;0
Allianz Hayat ve Emeklilik A?;Merkez;0;0;0;0;0;0;0;0;0;0;0;148669.14
Allianz Hayat ve Emeklilik A?;Toplam;0;0;0;0;0;0;0;0;0;0;0;7108903.83
Allianz Sigorta A?;Acente;29092441.34;8214735.01;15945941.47;4931764.86;5966461.75;0;0;0;0;0;0;376150427.1
Allianz Sigorta A?;Banka;7027233.39;1996418.21;3344951.64;1685863.54;2036284.07;0;0;0;0;0;0;32027886.79
Allianz Sigorta A?;Broker;33154504.77;702333.26;11702828.84;20749342.67;66192.52;0;0;0;0;0;0;233089837.8
Allianz Sigorta A?;Di?er;0;0;0;0;0;0;0;0;0;0;0;0
Allianz Sigorta A?;Merkez;8808393.81;-12647.11;526503.49;8294537.43;8050.62;0;0;0;0;0;0;54639866.57
Allianz Sigorta A?;Toplam;78082573.31;10900839.37;31520225.44;35661508.5;8076988.96;0;0;0;0;0;0;695908018.3
Allianz Ya?am ve Emeklilik A?;Acente;0;0;0;0;0;0;0;0;0;0;0;5180754.3
Allianz Ya?am ve Emeklilik A?;Banka;0;0;0;0;0;0;0;0;0;0;0;52860607.92
Allianz Ya?am ve Emeklilik A?;Broker;0;0;0;0;0;0;0;0;0;0;0;1785720.36
Allianz Ya?am ve Emeklilik A?;Di?er;0;0;0;0;0;0;0;0;0;0;0;0
Allianz Ya?am ve Emeklilik A?;Merkez;0;0;0;0;0;0;0;0;0;0;0;1172709.31
Allianz Ya?am ve Emeklilik A?;Toplam;0;0;0;0;0;0;0;0;0;0;0;60999791.89
Anadolu Anonim Türk Sigorta ?irketi;Acente;35997767.96;4053880.56;13781508.43;18162378.97;5042746.55;0;0;0;0;0;0;367449579.3
Anadolu Anonim Türk Sigorta ?irketi;Banka;18871955.29;3898642.22;5407253.48;9566059.59;3836352.2;0;0;0;0;0;0;78739042.46
Anadolu Anonim Türk Sigorta ?irketi;Broker;19587527.93;1004551.57;7794782.53;10788193.83;177285.2;0;0;0;0;0;0;83104048.38
Anadolu Anonim Türk Sigorta ?irketi;Di?er;9422225.91;876972.6134;4029074.714;4516178.582;0;0;0;0;0;0;0;39312159.47
Anadolu Anonim Türk Sigorta ?irketi;Merkez;5499618.19;-131207.91;993570.26;4637255.84;76841.42;0;0;0;0;0;0;14171784.12
Anadolu Anonim Türk Sigorta ?irketi;Toplam;89379095.28;9702839.053;32006189.41;47670066.81;9133225.37;0;0;0;0;0;0;582776613.7
Anadolu Hayat Emeklilik A?;Acente;0;0;0;0;0;0;0;0;0;0;0;7496620.06
Anadolu Hayat Emeklilik A?;Banka;0;0;0;0;0;0;0;0;0;0;0;30056813.55
Anadolu Hayat Emeklilik A?;Broker;0;0;0;0;0;0;0;0;0;0;0;2219387.02
Anadolu Hayat Emeklilik A?;Di?er;0;0;0;0;0;0;0;0;0;0;0;-1244.3
Anadolu Hayat Emeklilik A?;Merkez;0;0;0;0;0;0;0;0;0;0;0;883356.76
Anadolu Hayat Emeklilik A?;Toplam;0;0;0;0;0;0;0;0;0;0;0;40654933.09
Ankara Anonim Türk Sigorta ?irketi;Acente;532172.47;105739.46;276632.55;149800.46;692938.77;2180786.86;17210.75;26221.63;0;11319.9;0;25673262.43
Ankara Anonim Türk Sigorta ?irketi;Banka;0;0;0;0;0;7237.82;0;0;0;0;0;369810.45
Ankara Anonim Türk Sigorta ?irketi;Broker;11506.02;8815.51;2468.22;222.29;0;201907.57;522.48;888.24;0;425.24;0;506915.84
Ankara Anonim Türk Sigorta ?irketi;Di?er;0;0;0;0;0;0;0;0;0;0;0;0
Ankara Anonim Türk Sigorta ?irketi;Merkez;4878.97;2543.84;2189.89;145.24;82585.63;94602.84;130.09;168.55;0;73.05;0;5093624.38
Ankara Anonim Türk Sigorta ?irketi;Toplam;548557.46;117098.81;281290.66;150167.99;775524.4;2484535.09;17863.32;27278.42;0;11818.19;0;31643613.1
Atradius Crédito y Caución S.A. de Seguros y Reaseguros, ?stanbul ?ubesi;Acente;0;0;0;0;0;0;0;0;0;0;0;483984.39
Atradius Crédito y Caución S.A. de Seguros y Reaseguros, ?stanbul ?ubesi;Banka;0;0;0;0;0;0;0;0;0;0;0;0
Atradius Crédito y Caución S.A. de Seguros y Reaseguros, ?stanbul ?ubesi;Broker;0;0;0;0;0;0;0;0;0;0;0;14778243.63
Atradius Crédito y Caución S.A. de Seguros y Reaseguros, ?stanbul ?ubesi;Di?er;0;0;0;0;0;0;0;0;0;0;0;0
Atradius Crédito y Caución S.A. de Seguros y Reaseguros, ?stanbul ?ubesi;Merkez;0;0;0;0;0;0;0;0;0;0;0;537870.0037
Atradius Crédito y Caución S.A. de Seguros y Reaseguros, ?stanbul ?ubesi;Toplam;0;0;0;0;0;0;0;0;0;0;0;15800098.03
AvivaSA Emeklilik ve Hayat A?;Acente;0;0;0;0;0;0;0;0;0;0;0;9219140.45
AvivaSA Emeklilik ve Hayat A?;Banka;0;0;0;0;0;0;0;0;0;0;0;25066935.61
AvivaSA Emeklilik ve Hayat A?;Broker;0;0;0;0;0;0;0;0;0;0;0;105967.725
AvivaSA Emeklilik ve Hayat A?;Di?er;0;0;0;0;0;0;0;0;0;0;0;0
AvivaSA Emeklilik ve Hayat A?;Merkez;0;0;0;0;0;0;0;0;0;0;0;16182814.74
AvivaSA Emeklilik ve Hayat A?;Toplam;0;0;0;0;0;0;0;0;0;0;0;50574858.53
Axa Hayat ve Emeklilik A?;Acente;0;0;0;0;0;0;0;0;0;0;0;858385.33
Axa Hayat ve Emeklilik A?;Banka;0;0;0;0;0;0;0;0;0;0;0;57442.14
Axa Hayat ve Emeklilik A?;Broker;0;0;0;0;0;0;0;0;0;0;0;3687.24
Axa Hayat ve Emeklilik A?;Di?er;0;0;0;0;0;0;0;0;0;0;0;0
Axa Hayat ve Emeklilik A?;Merkez;0;0;0;0;0;0;0;0;0;0;0;560120.29
Axa Hayat ve Emeklilik A?;Toplam;0;0;0;0;0;0;0;0;0;0;0;1479635
Axa Sigorta A?;Acente;39476588.72;5792357.68;13057516.84;20626714.2;5507114.83;0;0;0;0;0;0;243163843.7
Axa Sigorta A?;Banka;6463223.76;2053048.43;1755388.65;2654786.68;882344.72;0;0;0;0;0;0;28631166.57
Axa Sigorta A?;Broker;23276715.36;3162099.32;1689685.64;18424930.4;130204.37;0;0;0;0;0;0;56506683.06
Axa Sigorta A?;Di?er;1578203;0;0;1578203;0;0;0;0;0;0;0;2162133.2
Axa Sigorta A?;Merkez;305852.47;-199.82;8261.927166;297790.3628;679.87;0;0;0;0;0;0;22799665.84
Axa Sigorta A?;Toplam;71100583.31;11007305.61;16510853.06;43582424.64;6520343.79;0;0;0;0;0;0;353263492.4
BNP Paribas Cardif Emeklilik A?;Acente;0;0;0;0;0;0;0;0;0;0;0;-1625584.945
BNP Paribas Cardif Emeklilik A?;Banka;0;0;0;0;0;0;0;0;0;0;0;14906709.82
BNP Paribas Cardif Emeklilik A?;Broker;0;0;0;0;0;0;0;0;0;0;0;0
BNP Paribas Cardif Emeklilik A?;Di?er;0;0;0;0;0;0;0;0;0;0;0;0
BNP Paribas Cardif Emeklilik A?;Merkez;0;0;0;0;0;0;0;0;0;0;0;7270.422503
BNP Paribas Cardif Emeklilik A?;Toplam;0;0;0;0;0;0;0;0;0;0;0;13288395.29
BNP Paribas Cardif Hayat Sigorta A?;Acente;0;0;0;0;0;0;0;0;0;0;0;4949832.56
BNP Paribas Cardif Hayat Sigorta A?;Banka;0;0;0;0;0;0;0;0;0;0;0;0
BNP Paribas Cardif Hayat Sigorta A?;Broker;0;0;0;0;0;0;0;0;0;0;0;0
BNP Paribas Cardif Hayat Sigorta A?;Di?er;0;0;0;0;0;0;0;0;0;0;0;0
BNP Paribas Cardif Hayat Sigorta A?;Merkez;0;0;0;0;0;0;0;0;0;0;0;8371820.513
BNP Paribas Cardif Hayat Sigorta A?;Toplam;0;0;0;0;0;0;0;0;0;0;0;13321653.07
BNP Paribas Cardif Sigorta A?;Acente;0;0;0;0;0;0;0;0;0;0;0;9688046.469
BNP Paribas Cardif Sigorta A?;Banka;0;0;0;0;0;0;0;0;0;0;0;0
BNP Paribas Cardif Sigorta A?;Broker;0;0;0;0;0;0;0;0;0;0;0;0
BNP Paribas Cardif Sigorta A?;Di?er;0;0;0;0;0;0;0;0;0;0;0;0
BNP Paribas Cardif Sigorta A?;Merkez;0;0;0;0;0;0;0;0;0;0;0;231779.87
BNP Paribas Cardif Sigorta A?;Toplam;0;0;0;0;0;0;0;0;0;0;0;9919826.339
Bereket Emeklilik ve Hayat A?;Acente;0;0;0;0;0;0;0;0;0;0;0;10926778.78
Bereket Emeklilik ve Hayat A?;Banka;0;0;0;0;0;0;0;0;0;0;0;175400.33
Bereket Emeklilik ve Hayat A?;Broker;0;0;0;0;0;0;0;0;0;0;0;0
Bereket Emeklilik ve Hayat A?;Di?er;0;0;0;0;0;0;0;0;0;0;0;0
Bereket Emeklilik ve Hayat A?;Merkez;0;0;0;0;0;0;0;0;0;0;0;-443.78
Bereket Emeklilik ve Hayat A?;Toplam;0;0;0;0;0;0;0;0;0;0;0;11101735.33
Bereket Sigorta A?;Acente;816222.14;468948.44;152193.7;195080;1491824.15;1055132.75;19906.07;18719.11;0;-1.76;0;143365701.5
Bereket Sigorta A?;Banka;259877.11;1086.15;43492.38;215298.58;261924.18;1670707.39;21396.78;21332.15;0;-8.18;0;3898363.36
Bereket Sigorta A?;Broker;156166.71;2303.19;25334.32;128529.2;3495.7;263541.81;-1035;-1035;0;0;0;1412395.22
Bereket Sigorta A?;Di?er;92008.03;59014;9827.03;23167;0;448889.04;2406.39;2404.82;0;0;0;583304.31
Bereket Sigorta A?;Merkez;77810.09;860.56;47.94;76901.59;465.67;277326.01;2898.45;2898.45;0;0;0;514807.69
Bereket Sigorta A?;Toplam;1402084.08;532212.34;230895.37;638976.37;1757709.7;3715597;45572.69;44319.53;0;-9.94;0;149774572.1
Chubb European Group Limted;Acente;0;0;0;0;0;0;0;0;0;0;0;2855284.13
Chubb European Group Limted;Banka;0;0;0;0;0;0;0;0;0;0;0;0
Chubb European Group Limted;Broker;11976481;0;0;11976481;0;0;0;0;0;0;0;39108120.43
Chubb European Group Limted;Di?er;0;0;0;0;0;0;0;0;0;0;0;0
Chubb European Group Limted;Merkez;115956.28;0;0;115956.28;0;0;0;0;0;0;0;3488638.48
Chubb European Group Limted;Toplam;12092437.28;0;0;12092437.28;0;0;0;0;0;0;0;45452043.04
Cigna Finans Emeklilik ve Hayat A?;Acente;0;0;0;0;0;0;0;0;0;0;0;352860.39
Cigna Finans Emeklilik ve Hayat A?;Banka;0;0;0;0;0;0;0;0;0;0;0;38098089.91
Cigna Finans Emeklilik ve Hayat A?;Broker;0;0;0;0;0;0;0;0;0;0;0;225316.43
Cigna Finans Emeklilik ve Hayat A?;Di?er;0;0;0;0;0;0;0;0;0;0;0;0
Cigna Finans Emeklilik ve Hayat A?;Merkez;0;0;0;0;0;0;0;0;0;0;0;463667.1
Cigna Finans Emeklilik ve Hayat A?;Toplam;0;0;0;0;0;0;0;0;0;0;0;39139933.83
Coface Sigorta A?;Acente;0;0;0;0;0;0;0;0;0;0;0;288000
Coface Sigorta A?;Banka;0;0;0;0;0;0;0;0;0;0;0;186594.4104
Coface Sigorta A?;Broker;0;0;0;0;0;0;0;0;0;0;0;8930604.663
Coface Sigorta A?;Di?er;0;0;0;0;0;0;0;0;0;0;0;732361.838
Coface Sigorta A?;Merkez;0;0;0;0;0;0;0;0;0;0;0;786476.4919
Coface Sigorta A?;Toplam;0;0;0;0;0;0;0;0;0;0;0;10924037.4
Corpus Sigorta A?;Acente;153259;21987.53;31297.29;99974.18;940;777630.17;147391.74;237203.95;0;126220.87;0;6596049.22
Corpus Sigorta A?;Banka;66705.84;4385.18;1031.74;61288.92;7858.93;188463.6;8034.5;3762.64;0;2314.61;0;333043.15
Corpus Sigorta A?;Broker;984513.89;39396.13;3208.82;941908.94;368.96;59376.53;6.03;12.06;0;6.03;0;1477234.39
Corpus Sigorta A?;Di?er;0;0;0;0;0;0;0;0;0;0;0;0
Corpus Sigorta A?;Merkez;41816.5;243.29;1481.24;40091.97;149248.18;623099.45;21178.67;11246.17;0;5513.49;0;27429787.62
Corpus Sigorta A?;Toplam;1246295.23;66012.13;37019.09;1143264.01;158416.07;1648569.75;176610.94;252224.82;0;134055;0;35836114.38
Demir Sa?l?k ve Hayat Sigorta A?;Acente;0;0;0;0;0;0;0;0;0;0;0;3293212.35
Demir Sa?l?k ve Hayat Sigorta A?;Banka;0;0;0;0;0;0;0;0;0;0;0;0
Demir Sa?l?k ve Hayat Sigorta A?;Broker;0;0;0;0;0;0;0;0;0;0;0;540068.06
Demir Sa?l?k ve Hayat Sigorta A?;Di?er;0;0;0;0;0;0;0;0;0;0;0;0
Demir Sa?l?k ve Hayat Sigorta A?;Merkez;0;0;0;0;0;0;0;0;0;0;0;2230046.48
Demir Sa?l?k ve Hayat Sigorta A?;Toplam;0;0;0;0;0;0;0;0;0;0;0;6063326.89
Doga Sigorta A?;Acente;1395705.26;1068742.39;99899.23;227063.64;2182409.97;3508602.78;694511.75;396663.8;0;582878.94;0;95698028.67
Doga Sigorta A?;Banka;0;0;0;0;0;309.35;193.34;0;0;0;0;9468.93
Doga Sigorta A?;Broker;185255.32;158848.99;8669.22;17737.11;192881.32;485904.26;63703.1;56198.32;0;70833.05;0;5651014.76
Doga Sigorta A?;Di?er;0;0;0;0;0;0;0;0;0;0;0;11420920.07
Doga Sigorta A?;Merkez;56311.35;1289.85;51975.51;3045.99;1824.65;107712.5;7677.3;1344.48;0;1536.94;0;279502.91
Doga Sigorta A?;Toplam;1637271.93;1228881.23;160543.96;247846.74;2377115.94;4102528.89;766085.49;454206.6;0;655248.93;0;113058935.3
Dubai Starr Sigorta A?;Acente;1166733.627;0;0;1166733.627;46955.63;2049436.824;25560.4901;8.06;0;14575.1501;0;8914688.647
Dubai Starr Sigorta A?;Banka;-84.2884;0;0;-84.2884;0;-36868.0799;-17.3906;0;0;-17.3906;0;106983.9901
Dubai Starr Sigorta A?;Broker;582595.1014;0;0;582595.1014;4884.97;3290542.906;45285.1605;-187.3;0;4395.9205;0;13326341.3
Dubai Starr Sigorta A?;Di?er;179429.42;0;0;179429.42;0;699216.37;112.59;-0.39;0;112.59;0;1128487.68
Dubai Starr Sigorta A?;Merkez;284.65;0;0;284.65;391.73;379.55;23.19;0;0;11.69;0;10762.85
Dubai Starr Sigorta A?;Toplam;1928958.51;0;0;1928958.51;52232.33;6002707.57;70964.04;-179.63;0;19077.96;0;23487264.47
Ergo Sigorta A?;Acente;1107793.39;357013.18;424245.32;326534.89;2986098.25;4128042.02;308674.59;124610.29;0;45191.82;0;51503195.11
Ergo Sigorta A?;Banka;34852.62;19215.72;13671.03;1965.87;14968.25;26442.01;12961.27;114.18;0;38.06;0;119199.05
Ergo Sigorta A?;Broker;2411028.3;29883.59;47603.95;2333540.76;295128.57;2148710.84;29328;12154.11;0;3847.38;0;10235387.61
Ergo Sigorta A?;Di?er;0;0;0;0;0;0;0;0;0;0;0;756.31
Ergo Sigorta A?;Merkez;426368.47;1418.51;2484.1;422465.86;20529.2;2402240.56;75527.03;135481.64;0;35951.51;0;14267659.8
Ergo Sigorta A?;Toplam;3980042.78;407531;488004.4;3084507.38;3316724.27;8705435.43;426490.89;272360.22;0;85028.77;0;76126197.88
Ethica Sigorta A?;Acente;1160697.49;897934.58;262762.91;0;1541314.45;1173364.21;0;0;0;0;0;70783549.82
Ethica Sigorta A?;Banka;0;0;0;0;0;0;0;0;0;0;0;0
Ethica Sigorta A?;Broker;0;0;0;0;0;0;0;0;0;0;0;0
Ethica Sigorta A?;Di?er;0;0;0;0;0;0;0;0;0;0;0;5539341.1
Ethica Sigorta A?;Merkez;0;0;0;0;0;0;0;0;0;0;0;0
Ethica Sigorta A?;Toplam;1160697.49;897934.58;262762.91;0;1541314.45;1173364.21;0;0;0;0;0;76322890.92
Euler Hermes Sigorta A?;Acente;0;0;0;0;0;0;0;0;0;0;0;2255776.352
Euler Hermes Sigorta A?;Banka;0;0;0;0;0;0;0;0;0;0;0;558690.6099
Euler Hermes Sigorta A?;Broker;0;0;0;0;0;0;0;0;0;0;0;4691350.662
Euler Hermes Sigorta A?;Di?er;0;0;0;0;0;0;0;0;0;0;0;0
Euler Hermes Sigorta A?;Merkez;0;0;0;0;0;0;0;0;0;0;0;2144659.864
Euler Hermes Sigorta A?;Toplam;0;0;0;0;0;0;0;0;0;0;0;9650477.488
Eureko Sigorta A?;Acente;19154608.54;39490.95;14532622.13;4582495.46;21678.26;0;0;0;0;0;0;46856575.14
Eureko Sigorta A?;Banka;21302339.31;6794318.94;3767467.34;10740553.03;3544040.02;0;0;0;0;0;0;60277099.78
Eureko Sigorta A?;Broker;14172098.67;21504.68;1624033.39;12526560.6;206.58;0;0;0;0;0;0;27985739.34
Eureko Sigorta A?;Di?er;0;0;0;0;0;0;0;0;0;0;0;0
Eureko Sigorta A?;Merkez;1116216.95;36837.91;113563.63;965815.41;16370.28;0;0;0;0;0;0;9517900.76
Eureko Sigorta A?;Toplam;55745263.47;6892152.48;20037686.49;28815424.5;3582295.14;0;0;0;0;0;0;144637315
Fiba Emeklilik ve Hayat A?;Acente;0;0;0;0;0;0;0;0;0;0;0;1183648.912
Fiba Emeklilik ve Hayat A?;Banka;0;0;0;0;0;0;0;0;0;0;0;13113396.7
Fiba Emeklilik ve Hayat A?;Broker;0;0;0;0;0;0;0;0;0;0;0;7820184.438
Fiba Emeklilik ve Hayat A?;Di?er;0;0;0;0;0;0;0;0;0;0;0;0
Fiba Emeklilik ve Hayat A?;Merkez;0;0;0;0;0;0;0;0;0;0;0;340773.4696
Fiba Emeklilik ve Hayat A?;Toplam;0;0;0;0;0;0;0;0;0;0;0;22458003.52
Garanti Emeklilik ve Hayat A?;Acente;0;0;0;0;0;0;0;0;0;0;0;0
Garanti Emeklilik ve Hayat A?;Banka;0;0;0;0;0;0;0;0;0;0;0;35222725.94
Garanti Emeklilik ve Hayat A?;Broker;0;0;0;0;0;0;0;0;0;0;0;26981.31
Garanti Emeklilik ve Hayat A?;Di?er;0;0;0;0;0;0;0;0;0;0;0;0
Garanti Emeklilik ve Hayat A?;Merkez;0;0;0;0;0;0;0;0;0;0;0;7437087.5
Garanti Emeklilik ve Hayat A?;Toplam;0;0;0;0;0;0;0;0;0;0;0;42686794.75
Generali Sigorta A?;Acente;1234872.95;555443.45;473886.03;205543.47;731095.64;0;0;0;0;0;0;8617424.49
Generali Sigorta A?;Banka;26329.83;17664.17;4506.66;4159;21302.44;0;0;0;0;0;0;117536.95
Generali Sigorta A?;Broker;427194.94;38693.81;113408.72;275092.41;21810.82;0;0;0;0;0;0;2605988.72
Generali Sigorta A?;Di?er;1219681.72;0;738783.03;480898.69;0;0;0;0;0;0;0;6799836.43
Generali Sigorta A?;Merkez;174384.73;27282.38;147102.35;0;60323.48;0;0;0;0;0;0;3448208.08
Generali Sigorta A?;Toplam;3082464.17;639083.81;1477686.79;965693.57;834532.38;0;0;0;0;0;0;21588994.67
Groupama Emeklilik A?;Acente;0;0;0;0;0;0;0;0;0;0;0;761350.82
Groupama Emeklilik A?;Banka;0;0;0;0;0;0;0;0;0;0;0;104149.75
Groupama Emeklilik A?;Broker;0;0;0;0;0;0;0;0;0;0;0;402683.74
Groupama Emeklilik A?;Di?er;0;0;0;0;0;0;0;0;0;0;0;0
Groupama Emeklilik A?;Merkez;0;0;0;0;0;0;0;0;0;0;0;145611.38
Groupama Emeklilik A?;Toplam;0;0;0;0;0;0;0;0;0;0;0;1413795.69
Groupama Sigorta A?;Acente;7976667.06;1728306.97;3852969.69;2395390.4;1970803.21;0;0;0;0;0;0;80487687.12
Groupama Sigorta A?;Banka;14666.31;1391.66;13274.65;0;83.13;0;0;0;0;0;0;207784.44
Groupama Sigorta A?;Broker;1750797.47;29793.53;1324379.5;396624.44;11734.62;0;0;0;0;0;0;8747842.53
Groupama Sigorta A?;Di?er;1637.74;1637.74;0;0;0;0;0;0;0;0;0;5617508.8
Groupama Sigorta A?;Merkez;210886.87;21198.83;67058.64;122629.4;9438.97;0;0;0;0;0;0;906288.43
Groupama Sigorta A?;Toplam;9954655.45;1782328.73;5257682.48;2914644.24;1992059.93;0;0;0;0;0;0;95967111.32
Gulf Sigorta A?;Acente;266814.0656;49281.81578;217532.2498;0;253329.38;1409058.384;42185.7584;6685.23;0;6666.87;0;12897959.51
Gulf Sigorta A?;Banka;192043.5;35471.33982;156572.1602;0;183856.51;133276.22;1689.45;8.4;0;7.94;0;2328286.643
Gulf Sigorta A?;Broker;1806496.564;333668.432;1472828.132;0;8606.35;8016033.686;231309.0116;212695.91;0;217173.68;0;20743275.03
Gulf Sigorta A?;Di?er;540898.08;99906.42539;440991.6546;0;0;1633371.01;77896.85;76644.19;0;77896.85;0;8058727.91
Gulf Sigorta A?;Merkez;2981.77;550.7469763;2431.023024;0;6949.18;4063.57;363.83;0;0;0;0;16704246.8
Gulf Sigorta A?;Toplam;2809233.98;518878.76;2290355.22;0;452741.42;11195802.87;353444.9;296033.73;0;301745.34;0;60732495.89
Güne? Sigorta A?;Acente;2632499.59;718464.14;1833954.67;80080.78;1452060.41;6115922.24;216341.97;0;0;0;0;73582430.65
Güne? Sigorta A?;Banka;5231493.86;2022130.07;2900182.79;309181;2770823.49;3978684.58;540033.19;0;0;0;0;31698279.68
Güne? Sigorta A?;Broker;700964.62;460116.36;240564.35;283.91;3282.48;2060084.53;36652.66;0;0;0;0;23730592.6
Güne? Sigorta A?;Di?er;0;0;0;0;0;0;0;0;0;0;0;3672965.69
Güne? Sigorta A?;Merkez;78138.36;4413.27;73725.09;0;9268.96;11611.53;7052.98;0;0;0;0;14719170.13
Güne? Sigorta A?;Toplam;8643096.43;3205123.84;5048426.9;389545.69;4235435.34;12166302.88;800080.8;0;0;0;0;147403438.8
HDI Sigorta A?;Acente;7685910.4;1603861.78;4265642.527;1816406.093;4542160.01;0;0;0;0;0;0;112268714.6
HDI Sigorta A?;Banka;2536864.82;492936.73;1567781.01;476147.08;410732.84;0;0;0;0;0;0;7913276.83
HDI Sigorta A?;Broker;22093431.47;504006.93;3581208.55;18008215.99;709309.15;0;0;0;0;0;0;59295945.77
HDI Sigorta A?;Di?er;0;0;0;0;0;0;0;0;0;0;0;0
HDI Sigorta A?;Merkez;2613381.06;6406.1;509189.2041;2097785.756;3978.67;0;0;0;0;0;0;6577778.85
HDI Sigorta A?;Toplam;34929587.75;2607211.54;9923821.291;22398554.92;5666180.67;0;0;0;0;0;0;186055716
Halk Hayat ve Emeklilik A?;Acente;0;0;0;0;0;0;0;0;0;0;0;82648.44
Halk Hayat ve Emeklilik A?;Banka;0;0;0;0;0;0;0;0;0;0;0;30694493.13
Halk Hayat ve Emeklilik A?;Broker;0;0;0;0;0;0;0;0;0;0;0;0
Halk Hayat ve Emeklilik A?;Di?er;0;0;0;0;0;0;0;0;0;0;0;0
Halk Hayat ve Emeklilik A?;Merkez;0;0;0;0;0;0;0;0;0;0;0;8129611.47
Halk Hayat ve Emeklilik A?;Toplam;0;0;0;0;0;0;0;0;0;0;0;38906753.04
Halk Sigorta A?;Acente;6266338.4;116954.77;62905.78;6086477.85;701775.52;3964698.047;610028.1958;68071.88545;0;69506.60575;0;85039143.78
Halk Sigorta A?;Banka;21809659.04;1832412.76;19643051.47;334194.81;4841703.89;12172572.76;930373.8121;212464.6;0;649312.85;0;88129300.19
Halk Sigorta A?;Broker;382549.57;839.71;67.69;381642.17;1235.06;4234274.85;184434.66;102921.08;0;105861.58;0;11270630.69
Halk Sigorta A?;Di?er;94951.27;1196.84;18925.1;74829.33;1598.75;379085.5299;3530.81;860.33;0;860.33;0;1224525.019
Halk Sigorta A?;Merkez;126410.93;1028.02;26958.29;98424.62;3142.32;3365060.8;26443.18;18410.16;0;18550.06;0;13870394.85
Halk Sigorta A?;Toplam;28679909.21;1952432.1;19751908.33;6975568.78;5549455.54;24115691.98;1754810.658;402728.0555;0;844091.4258;0;199533994.5
Kat?l?m Emeklilik ve Hayat A?;Acente;0;0;0;0;0;0;0;0;0;0;0;9440.65
Kat?l?m Emeklilik ve Hayat A?;Banka;0;0;0;0;0;0;0;0;0;0;0;4113725.3
Kat?l?m Emeklilik ve Hayat A?;Broker;0;0;0;0;0;0;0;0;0;0;0;83.52
Kat?l?m Emeklilik ve Hayat A?;Di?er;0;0;0;0;0;0;0;0;0;0;0;0
Kat?l?m Emeklilik ve Hayat A?;Merkez;0;0;0;0;0;0;0;0;0;0;0;14842.08
Kat?l?m Emeklilik ve Hayat A?;Toplam;0;0;0;0;0;0;0;0;0;0;0;4138091.55
Koru Sigorta A?;Acente;241811.4;125791.46;30498.74;85521.2;596895.25;493269.39;18840.35;16528.55;0;12801.34;0;41253039.81
Koru Sigorta A?;Banka;0;0;0;0;0;0;0;0;0;0;0;0
Koru Sigorta A?;Broker;483.89;0;0;483.89;1159.44;3912.61;37.5;0;0;37.5;0;1160021.07
Koru Sigorta A?;Di?er;0;0;0;0;0;0;0;0;0;0;0;5162906.58
Koru Sigorta A?;Merkez;431.05;145.49;0;285.56;443.4;10773.23;52.34;4.32;0;52.34;0;182379.77
Koru Sigorta A?;Toplam;242726.34;125936.95;30498.74;86290.65;598498.09;507955.23;18930.19;16532.87;0;12891.18;0;47758347.23
Magdeburger Sigorta A?;Acente;3970.13;3970.13;0;0;7268.16;0;0;0;0;0;0;1295256.17
Magdeburger Sigorta A?;Banka;0;0;0;0;0;0;0;0;0;0;0;0
Magdeburger Sigorta A?;Broker;0;0;0;0;0;0;0;0;0;0;0;0
Magdeburger Sigorta A?;Di?er;0;0;0;0;0;0;0;0;0;0;0;3463191.557
Magdeburger Sigorta A?;Merkez;515.15;515.15;0;0;0;0;0;0;0;0;0;195308.07
Magdeburger Sigorta A?;Toplam;4485.28;4485.28;0;0;7268.16;0;0;0;0;0;0;4953755.797
Mapfre Sigorta A?;Acente;19087658.66;1564029.903;14561991.03;2961637.735;1790203.2;0;0;0;0;0;0;178573287.6
Mapfre Sigorta A?;Banka;14606755.73;1196867.732;11143506.37;2266381.63;28890.77;0;0;0;0;0;0;22947808.82
Mapfre Sigorta A?;Broker;110442.24;9049.562806;84256.47881;17136.19838;141033.91;0;0;0;0;0;0;83068428
Mapfre Sigorta A?;Di?er;0;0;0;0;0;0;0;0;0;0;0;0
Mapfre Sigorta A?;Merkez;3398897.861;278503.4029;2593022.068;527372.3896;65417.95;0;0;0;0;0;0;27411394.7
Mapfre Sigorta A?;Toplam;37203754.49;3048450.601;28382775.94;5772527.953;2025545.83;0;0;0;0;0;0;312000919.1
Mapfre Ya?am Sigorta A?;Acente;0;0;0;0;0;0;0;0;0;0;0;356015.4481
Mapfre Ya?am Sigorta A?;Banka;0;0;0;0;0;0;0;0;0;0;0;0
Mapfre Ya?am Sigorta A?;Broker;0;0;0;0;0;0;0;0;0;0;0;2290170.81
Mapfre Ya?am Sigorta A?;Di?er;0;0;0;0;0;0;0;0;0;0;0;0
Mapfre Ya?am Sigorta A?;Merkez;0;0;0;0;0;0;0;0;0;0;0;1159879.9
Mapfre Ya?am Sigorta A?;Toplam;0;0;0;0;0;0;0;0;0;0;0;3806066.158
Metlife Emeklilik ve Hayat A?;Acente;0;0;0;0;0;0;0;0;0;0;0;1796523.35
Metlife Emeklilik ve Hayat A?;Banka;0;0;0;0;0;0;0;0;0;0;0;72621274.79
Metlife Emeklilik ve Hayat A?;Broker;0;0;0;0;0;0;0;0;0;0;0;3694071.36
Metlife Emeklilik ve Hayat A?;Di?er;0;0;0;0;0;0;0;0;0;0;0;-2268.25
Metlife Emeklilik ve Hayat A?;Merkez;0;0;0;0;0;0;0;0;0;0;0;1173822.61
Metlife Emeklilik ve Hayat A?;Toplam;0;0;0;0;0;0;0;0;0;0;0;79283423.86
NN Hayat ve Emeklilik A?;Acente;0;0;0;0;0;0;0;0;0;0;0;794858.57
NN Hayat ve Emeklilik A?;Banka;0;0;0;0;0;0;0;0;0;0;0;14444110.06
NN Hayat ve Emeklilik A?;Broker;0;0;0;0;0;0;0;0;0;0;0;0
NN Hayat ve Emeklilik A?;Di?er;0;0;0;0;0;0;0;0;0;0;0;0
NN Hayat ve Emeklilik A?;Merkez;0;0;0;0;0;0;0;0;0;0;0;-40142.63
NN Hayat ve Emeklilik A?;Toplam;0;0;0;0;0;0;0;0;0;0;0;15198826
Neova Sigorta A?;Acente;1596663.4;100927.4;274822;1220914;1521822;2245944;18137;17583;0;22131;0;105498860.4
Neova Sigorta A?;Banka;1820152.56;1312477.56;336737;170938;1650722;2732321;29388;21813;0;24893;0;13523345.56
Neova Sigorta A?;Broker;914;0;0;914;1445;362;8;8;0;8;0;15430
Neova Sigorta A?;Di?er;19765;0;0;19765;0;51030;365;365;0;365;0;8815956
Neova Sigorta A?;Merkez;6709;5936;760;13;11857;11599;122;109;0;109;0;93581.14
Neova Sigorta A?;Toplam;3444203.96;1419340.96;612319;1412544;3185846;5041256;48020;39878;0;47506;0;127947173.1
Orient Sigorta A?;Acente;244677.31;70977.4;153693.28;20006.63;210741.26;0;0;0;0;0;0;10813593.96
Orient Sigorta A?;Banka;7204.36;0;0;7204.36;0;0;0;0;0;0;0;8386.84
Orient Sigorta A?;Broker;142590.19;949.24;32071.18;109569.77;0;0;0;0;0;0;0;666353.5
Orient Sigorta A?;Di?er;442099.29;0;143189.54;298909.75;0;0;0;0;0;0;0;530684.81
Orient Sigorta A?;Merkez;662314.82;662314.82;0;0;714.23;0;0;0;0;0;0;5347492.12
Orient Sigorta A?;Toplam;1498885.97;734241.46;328954;435690.51;211455.49;0;0;0;0;0;0;17366511.23
Quick Sigorta A?;Acente;289072.45;20513.92;258255.55;10302.98;351834.08;1352614.93;22042.04;0;0;7130.42;0;86885294.67
Quick Sigorta A?;Banka;0;0;0;0;0;0;0;0;0;0;0;-6476.17
Quick Sigorta A?;Broker;0;0;0;0;700.23;501176.5863;11919.1202;0;0;4680.1102;0;4034631.59
Quick Sigorta A?;Di?er;174.57;174.57;0;0;3601.79;270.24;10.08;0;0;6.72;0;214240.9251
Quick Sigorta A?;Merkez;324.57;140;184.57;0;121.51;6020.49;33.05;0;0;3.03;0;171578.66
Quick Sigorta A?;Toplam;289571.59;20828.49;258440.12;10302.98;356257.61;1860082.246;34004.2902;0;0;11820.2802;0;91299269.67
Ray Sigorta A?;Acente;3749004.42;294626.5157;2958760.504;495617.4006;1075151.43;7532039.97;538391.89;1031127.76;0;537731.49;0;55630906.73
Ray Sigorta A?;Banka;9715.77;763.5423013;7667.805454;1284.422245;10515.86;30021.85;148.93;297.86;0;153.38;0;91690.2
Ray Sigorta A?;Broker;1791056;140755.3925;1413523.474;236777.1332;117235.92;6303830.2;168109.41;296370.66;0;157746.8;0;21811194.65
Ray Sigorta A?;Di?er;10484.8;823.978781;8274.73341;1386.087809;344.19;13514.76;124.64;249.28;0;124.56;0;5355718.94
Ray Sigorta A?;Merkez;284341.07;22345.77753;224405.4776;37589.81485;37579.96;146574.21;72929.7;84724.66;0;42380.11;0;2412010.35
Ray Sigorta A?;Toplam;5844602.06;459315.2068;4612631.994;772654.8588;1240827.36;14025980.99;779704.57;1412770.22;0;738136.34;0;85301520.87
SS Atlas Kar??l?kl? Sigorta Kooperatifi;Acente;21373.9;2790.98;5353.1;13229.82;32093.28;61811.03;337.43;0;0;0;0;5227310.36
SS Atlas Kar??l?kl? Sigorta Kooperatifi;Banka;0;0;0;0;0;0;0;0;0;0;0;0
SS Atlas Kar??l?kl? Sigorta Kooperatifi;Broker;0;0;0;0;0;0;0;0;0;0;0;121793.59
SS Atlas Kar??l?kl? Sigorta Kooperatifi;Di?er;0;0;0;0;0;0;0;0;0;0;0;0
SS Atlas Kar??l?kl? Sigorta Kooperatifi;Merkez;393.89;75.9;317.99;0;0;2910.15;15.24;0;0;0;0;1018064.42
SS Atlas Kar??l?kl? Sigorta Kooperatifi;Toplam;21767.79;2866.88;5671.09;13229.82;32093.28;64721.18;352.67;0;0;0;0;6367168.37
Sompo Japan Sigorta A?;Acente;5734377.897;668209.1;882703.761;4183465.036;1623130.06;9180084.7;575975.5919;545969.3729;0;572941.2392;0;193169112.8
Sompo Japan Sigorta A?;Banka;931447.5121;522433.3868;287311.6835;121702.4418;970602.14;2568110.149;77249.51029;26302.46276;0;26214.7928;0;7890503.804
Sompo Japan Sigorta A?;Broker;2780765.776;24364.61291;1433860.463;1322540.7;22996.25;5878191.131;231944.2617;208350.4523;0;228769.9169;0;31762285.14
Sompo Japan Sigorta A?;Di?er;0;0;0;0;0;0;0;0;0;0;0;14063986.09
Sompo Japan Sigorta A?;Merkez;1755412.264;5580.34;9654.553137;1740177.371;16973.70977;1379593.711;351311.0949;438549.7937;0;340892.316;0;6838858.778
Sompo Japan Sigorta A?;Toplam;11202003.45;1220587.44;2613530.461;7367885.549;2633702.16;19005979.69;1236480.459;1219172.082;0;1168818.265;0;253724746.6
Türk Nippon Sigorta A?;Acente;161033;28211;124348;8474;562737;1023146;40104.5;0;0;0;0;47226934.72
Türk Nippon Sigorta A?;Banka;0;0;0;0;0;0;0;0;0;0;0;0
Türk Nippon Sigorta A?;Broker;164066;21662;130212;12192;360360;785069;119278;0;0;0;0;11751952.59
Türk Nippon Sigorta A?;Di?er;0;0;0;0;0;0;0;0;0;0;0;4984074
Türk Nippon Sigorta A?;Merkez;9871;420;9451;0;2453;11536;610;0;0;0;0;737896.09
Türk Nippon Sigorta A?;Toplam;334970;50293;264011;20666;925550;1819751;159992.5;0;0;0;0;64700857.4
Türk P&I Sigorta A?;Acente;0;0;0;0;0;0;0;0;0;0;0;327014.33
Türk P&I Sigorta A?;Banka;0;0;0;0;0;0;0;0;0;0;0;0
Türk P&I Sigorta A?;Broker;0;0;0;0;0;0;0;0;0;0;0;4403245.51
Türk P&I Sigorta A?;Di?er;0;0;0;0;0;0;0;0;0;0;0;247871.36
Türk P&I Sigorta A?;Merkez;0;0;0;0;0;0;0;0;0;0;0;-7834.86
Türk P&I Sigorta A?;Toplam;0;0;0;0;0;0;0;0;0;0;0;4970296.34
Unico Sigorta A?;Acente;3793013.87;609310.81;2515354.69;668348.37;1047843.84;0;18484.55;14346.78;0;12623.96;0;27528157.54
Unico Sigorta A?;Banka;243929.26;185053.5;40440.02;18435.74;733904.53;0;5979.63;5504.88;0;2396.09;0;1093279.01
Unico Sigorta A?;Broker;4151071.46;125126.75;1509882.72;2516061.99;36620.21;0;27969.38;26739.93;0;26595.34;0;10917682.43
Unico Sigorta A?;Di?er;0;0;0;0;0;0;0;0;0;0;0;1633729.03
Unico Sigorta A?;Merkez;892233.56;1278.7;231221.87;659732.99;635.85;0;23839.53;24884.01;0;23213.14;0;2126877.94
Unico Sigorta A?;Toplam;9080248.15;920769.76;4296899.3;3862579.09;1819004.43;0;76273.09;71475.6;0;64828.53;0;43299725.95
Vak?f Emeklilik ve Hayat A?;Acente;0;0;0;0;0;0;0;0;0;0;0;88184.78001
Vak?f Emeklilik ve Hayat A?;Banka;0;0;0;0;0;0;0;0;0;0;0;49542098.46
Vak?f Emeklilik ve Hayat A?;Broker;0;0;0;0;0;0;0;0;0;0;0;0
Vak?f Emeklilik ve Hayat A?;Di?er;0;0;0;0;0;0;0;0;0;0;0;0
Vak?f Emeklilik ve Hayat A?;Merkez;0;0;0;0;0;0;0;0;0;0;0;1024383.43
Vak?f Emeklilik ve Hayat A?;Toplam;0;0;0;0;0;0;0;0;0;0;0;50654666.67
Ziraat Hayat ve Emeklilik A?;Acente;0;0;0;0;0;0;0;0;0;0;0;504.29
Ziraat Hayat ve Emeklilik A?;Banka;0;0;0;0;0;0;0;0;0;0;0;131964987.9
Ziraat Hayat ve Emeklilik A?;Broker;0;0;0;0;0;0;0;0;0;0;0;53764.09
Ziraat Hayat ve Emeklilik A?;Di?er;0;0;0;0;0;0;0;0;0;0;0;0
Ziraat Hayat ve Emeklilik A?;Merkez;0;0;0;0;0;0;0;0;0;0;0;10574826.07
Ziraat Hayat ve Emeklilik A?;Toplam;0;0;0;0;0;0;0;0;0;0;0;142594082.4
Ziraat Sigorta A?;Acente;9086.514162;738.84;8930.653895;-582.979733;622.32;68451.7525;1096.817512;-0.544615;0;74.064697;0;340833.6079
Ziraat Sigorta A?;Banka;12902988.66;11444132.28;1204129.41;254726.97;9231345.43;5159736.407;1204416.132;99062.15462;0;559799.5553;0;225869765.2
Ziraat Sigorta A?;Broker;0;0;0;0;0;0;0;0;0;0;0;23058.94
Ziraat Sigorta A?;Di?er;0;0;0;0;0;0;0;0;0;0;0;0
Ziraat Sigorta A?;Merkez;105900.87;8451.76;14856.67;82592.44;6780.22;724609.23;3165.4;1652.49;0;2128.29;0;33520937.33
Ziraat Sigorta A?;Toplam;13017976.04;11453322.88;1227916.734;336736.4303;9238747.97;5952797.39;1208678.35;100714.1;0;562001.91;0;259754595.1
Zurich Sigorta A?;Acente;2372912.93;138807.95;1735942.44;498162.54;13313.13;0;0;0;0;0;0;9016103.28
Zurich Sigorta A?;Banka;9235245.19;3399769.67;5546812.95;288662.57;1469941.82;0;0;0;0;0;0;30487087.43
Zurich Sigorta A?;Broker;2590814.31;2871.18;2355349.26;232593.87;7460.28;0;0;0;0;0;0;13120309.22
Zurich Sigorta A?;Di?er;0;0;0;0;0;0;0;0;0;0;0;0
Zurich Sigorta A?;Merkez;3914822.6;4907.64;1979033.9;1930881.06;1455.02;0;0;0;0;0;0;10486217.21
Zurich Sigorta A?;Toplam;18113795.03;3546356.44;11617138.55;2950300.04;1492170.25;0;0;0;0;0;0;63109717.14
?eker Sigorta A?;Acente;653428.86;408964.75;244464.11;0;128011.7;136172.14;20061.7;26563.88;0;14604.53;0;6720039.32
?eker Sigorta A?;Banka;145609.13;629.65;77122.53;67856.95;284986.97;810734.98;30078.99;44067.83;0;22385.16;0;5935489.47
?eker Sigorta A?;Broker;62802.73;402.97;55193.81;7205.95;0;1373116.14;24100.53;43784.67;0;20898.11;0;2517476.54
?eker Sigorta A?;Di?er;0;0;0;0;0;0;0;0;0;0;0;0
?eker Sigorta A?;Merkez;187434.38;18267.19;166197.29;2969.9;2121.06;688637.13;9380.34;14512.66;0;7664.7;0;7744485.59
?eker Sigorta A?;Toplam;1049275.1;428264.56;542977.74;78032.8;415119.73;3008660.39;83621.56;128929.04;0;65552.5;0;22917490.92
